[
	{
		"pdImg": "../res/img/pd3.jpg",
		"pdName": "【3】 美素佳儿Friso婴儿配方奶粉3段 ( 商品【1】【2】 已删除 )",
		"pdPrice": 177.00,
		"pdSold": 1023
	}, {
		"pdImg": "../res/img/pd4.jpg",
		"pdName": "【4】 每人限购1辆 费雪滑行车",
		"pdPrice": 189.00,
		"pdSold": 199
	}, {
		"pdImg": "../res/img/pd5.jpg",
		"pdName": "【5】  巴布力实木婴儿床",
		"pdPrice": 1800.00,
		"pdSold": 72
	}, {
		"pdImg": "../res/img/pd6.jpg",
		"pdName": "【6】  贝亲奶粉盒",
		"pdPrice": 98.00,
		"pdSold": 677
	}, {
		"pdImg": "../res/img/pd7.jpg",
		"pdName": "【7】 兔兔小布肩纽扣套装",
		"pdPrice": 277.00,
		"pdSold": 166
	}, {
		"pdImg": "../res/img/pd8.jpg",
		"pdName": "【8】  璐拉婴儿沐浴露",
		"pdPrice": 155.00,
		"pdSold": 343
	}, {
		"pdImg": "../res/img/pd9.jpg",
		"pdName": "【9】  启赋illuma 奶粉3段900g",
		"pdPrice": 238.00,
		"pdSold": 102
	}, {
		"pdImg": "../res/img/pd10.jpg",
		"pdName": "【10】  雅培Abbott乳蛋白部分水解婴儿配方奶粉3段820g",
		"pdPrice": 91.00,
		"pdSold": 135
	}, {
		"pdImg": "../res/img/pd11.jpg",
		"pdName": "【11】  韩蜜 酷炫唇蜜（礼盒套装）2.8g*4",
		"pdPrice": 151.00,
		"pdSold": 123
	}, {
		"pdImg": "../res/img/pd12.jpg",
		"pdName": "【12】  保税区直发【3包装】日本Merries花王纸尿裤NB90",
		"pdPrice": 292.00,
		"pdSold": 1933
	}, {
		"pdImg": "../res/img/pd13.jpg",
		"pdName": "【13】  Comotomo可么多么 硅胶奶瓶（0-3月奶嘴）150ml绿色",
		"pdPrice": 245.00,
		"pdSold": 95
	}, {
		"pdImg": "../res/img/pd14.jpg",
		"pdName": "【14】  香港直邮德国瑞德露Rival de Loop芦荟精华安瓶",
		"pdPrice": 163.00,
		"pdSold": 75
	}, {
		"pdImg": "../res/img/pd15.jpg",
		"pdName": "【15】  保税区直发药师堂尊马油香草味温和保湿无刺激面霜",
		"pdPrice": 259.00,
		"pdSold": 86
	}, {
		"pdImg": "../res/img/pd16.jpg",
		"pdName": "【16】  香港直邮日本Spatreatment眼膜保湿去细纹法令纹",
		"pdPrice": 237.00,
		"pdSold": 58
	}, {
		"pdImg": "../res/img/pd17.jpg",
		"pdName": "【17】  韩国MEDIHEALNMF可莱丝针剂睡眠面膜",
		"pdPrice": 81.00,
		"pdSold": 135
	}, {
		"pdImg": "../res/img/pd18.jpg",
		"pdName": "【18】  DHC蝶翠诗橄榄蜂蜜滋养洗脸手工皂90g",
		"pdPrice": 123.00,
		"pdSold": 87
	}, {
		"pdImg": "../res/img/pd19.jpg",
		"pdName": "【19】  日本资生堂CPB肌肤之钥新版隔离霜 清爽型 30ml",
		"pdPrice": 429.00,
		"pdSold": 45
	}, {
		"pdImg": "../res/img/pd20.jpg",
		"pdName": "【20】 Heinz亨氏 婴儿面条优加面条全素套餐组合3口味3盒",
		"pdPrice": 39.00,
		"pdSold": 32
	}, {
		"pdImg": "../res/img/pd21.jpg",
		"pdName": "【21】  Heinz亨氏 乐维滋果汁泥组合5口味15袋",
		"pdPrice": 64.00,
		"pdSold": 75
	}, {
		"pdImg": "../res/img/pd22.jpg",
		"pdName": "【22】  保税区直发澳大利亚Swisse高浓度蔓越莓胶囊30粒",
		"pdPrice": 271.00,
		"pdSold": 12
	}, {
		"pdImg": "../res/img/pd23.jpg",
		"pdName": "【23】  挪威Nordic Naturals小鱼婴幼儿鱼油DHA滴剂",
		"pdPrice": 175.00,
		"pdSold": 111
	}, {
		"pdImg": "../res/img/pd24.jpg",
		"pdName": "【24】  澳大利亚Bio island DHA for Pregnancy海藻油DHA",
		"pdPrice": 289.00,
		"pdSold": 28
	}, {
		"pdImg": "../res/img/pd25.jpg",
		"pdName": "【25】  澳大利亚Fatblaster Coconut Detox椰子水",
		"pdPrice": 152.00,
		"pdSold": 17
	}, {
		"pdImg": "../res/img/pd26.jpg",
		"pdName": "【26】  Suitsky舒比奇 高护极薄舒爽纸尿片尿不湿XL60",
		"pdPrice": 99.00,
		"pdSold": 181
	}, {
		"pdImg": "../res/img/pd27.jpg",
		"pdName": "【27】  英国JUST SOAP手工皂 玫瑰天竺葵蛋糕皂",
		"pdPrice": 72.00,
		"pdSold": 66
	}, {
		"pdImg": "../res/img/pd28.jpg",
		"pdName": "【28】  德国NUK 多色婴幼儿带盖学饮杯",
		"pdPrice": 92.00,
		"pdSold": 138
	}
]